{
	"noElements": 192.0,
	"commands":
	{
		"Th": "Th=xdc_focused_multirow(noElements,width,noElementsY,height,kerf,kerf,Rfocus,noSubX,noSubY,FIELD_PARAMS.focus);",
		"impulseResponse": "[impulseResponse]=defineImpResp(fractionalBandwidth,centerFrequency,FIELD_PARAMS);"
	},
	"noSubY": 8.0,
	"noSubX": 1.0,
	"kerf": 2e-05,
	"probeType": "linear",
	"height": 0.005,
	"elvFocus": 0.025,
	"width": 0.00018,
	"pitch": 0.00022,
	"Rfocus": 0.019,
	"fractionalBandwidth": 0.5,
	"impulseResponse":
	{
		"f0": 7000000.0,
		"phase": 0.0,
		"bw": 53.0,
		"wavetype": "gaussian",
		"time":
		[
			-2.0000E-7,
			-1.9600E-7,
			-1.9200E-7,
			-1.8800E-7,
			-1.8400E-7,
			-1.8000E-7,
			-1.7600E-7,
			-1.7200E-7,
			-1.6800E-7,
			-1.6400E-7,
			-1.6000E-7,
			-1.5600E-7,
			-1.5200E-7,
			-1.4800E-7,
			-1.4400E-7,
			-1.4000E-7,
			-1.3600E-7,
			-1.3200E-7,
			-1.2800E-7,
			-1.2400E-7,
			-1.2000E-7,
			-1.1600E-7,
			-1.1200E-7,
			-1.0800E-7,
			-1.0400E-7,
			-1.0000E-7,
			-9.6000E-8,
			-9.2000E-8,
			-8.8000E-8,
			-8.4000E-8,
			-8.0000E-8,
			-7.6000E-8,
			-7.2000E-8,
			-6.8000E-8,
			-6.4000E-8,
			-6.0000E-8,
			-5.6000E-8,
			-5.2000E-8,
			-4.8000E-8,
			-4.4000E-8,
			-4.0000E-8,
			-3.6000E-8,
			-3.2000E-8,
			-2.8000E-8,
			-2.4000E-8,
			-2.0000E-8,
			-1.6000E-8,
			-1.2000E-8,
			-8.0000E-9,
			-4.0000E-9,
			0,
			4.0000E-9,
			8.0000E-9,
			1.2000E-8,
			1.6000E-8,
			2.0000E-8,
			2.4000E-8,
			2.8000E-8,
			3.2000E-8,
			3.6000E-8,
			4.0000E-8,
			4.4000E-8,
			4.8000E-8,
			5.2000E-8,
			5.6000E-8,
			6.0000E-8,
			6.4000E-8,
			6.8000E-8,
			7.2000E-8,
			7.6000E-8,
			8.0000E-8,
			8.4000E-8,
			8.8000E-8,
			9.2000E-8,
			9.6000E-8,
			1.0000E-7,
			1.0400E-7,
			1.0800E-7,
			1.1200E-7,
			1.1600E-7,
			1.2000E-7,
			1.2400E-7,
			1.2800E-7,
			1.3200E-7,
			1.3600E-7,
			1.4000E-7,
			1.4400E-7,
			1.4800E-7,
			1.5200E-7,
			1.5600E-7,
			1.6000E-7,
			1.6400E-7,
			1.6800E-7,
			1.7200E-7,
			1.7600E-7,
			1.8000E-7,
			1.8400E-7,
			1.8800E-7,
			1.9200E-7,
			1.9600E-7,
			2.0000E-7,
			2.0400E-7,
			2.0800E-7,
			2.1200E-7,
			2.1600E-7,
			2.2000E-7,
			2.2400E-7,
			2.2800E-7,
			2.3200E-7,
			2.3600E-7,
			2.4000E-7,
			2.4400E-7,
			2.4800E-7,
			2.5200E-7,
			2.5600E-7,
			2.6000E-7,
			2.6400E-7,
			2.6800E-7,
			2.7200E-7,
			2.7600E-7,
			2.8000E-7,
			2.8400E-7,
			2.8800E-7,
			2.9200E-7,
			2.9600E-7,
			3.0000E-7,
			3.0400E-7,
			3.0800E-7,
			3.1200E-7,
			3.1600E-7,
			3.2000E-7,
			3.2400E-7,
			3.2800E-7,
			3.3200E-7,
			3.3600E-7,
			3.4000E-7,
			3.4400E-7,
			3.4800E-7,
			3.5200E-7,
			3.5600E-7,
			3.6000E-7,
			3.6400E-7,
			3.6800E-7,
			3.7200E-7,
			3.7600E-7,
			3.8000E-7,
			3.8400E-7,
			3.8800E-7,
			3.9200E-7,
			3.9600E-7,
			4.0000E-7,
			4.0400E-7,
			4.0800E-7,
			4.1200E-7,
			4.1600E-7,
			4.2000E-7,
			4.2400E-7,
			4.2800E-7,
			4.3200E-7,
			4.3600E-7,
			4.4000E-7,
			4.4400E-7,
			4.4800E-7,
			4.5200E-7,
			4.5600E-7,
			4.6000E-7,
			4.6400E-7,
			4.6800E-7,
			4.7200E-7,
			4.7600E-7,
			4.8000E-7,
			4.8400E-7,
			4.8800E-7,
			4.9200E-7,
			4.9600E-7,
			5.0000E-7,
			5.0400E-7,
			5.0800E-7,
			5.1200E-7,
			5.1600E-7,
			5.2000E-7,
			5.2400E-7,
			5.2800E-7,
			5.3200E-7,
			5.3600E-7,
			5.4000E-7,
			5.4400E-7,
			5.4800E-7,
			5.5200E-7,
			5.5600E-7,
			5.6000E-7,
			5.6400E-7,
			5.6800E-7,
			5.7200E-7,
			5.7600E-7,
			5.8000E-7,
			5.8400E-7,
			5.8800E-7,
			5.9200E-7,
			5.9600E-7,
			6.0000E-7,
			6.0400E-7,
			6.0800E-7,
			6.1200E-7,
			6.1600E-7,
			6.2000E-7,
			6.2400E-7,
			6.2800E-7,
			6.3200E-7,
			6.3600E-7,
			6.4000E-7,
			6.4400E-7,
			6.4800E-7,
			6.5200E-7,
			6.5600E-7,
			6.6000E-7,
			6.6400E-7,
			6.6800E-7,
			6.7200E-7,
			6.7600E-7,
			6.8000E-7,
			6.8400E-7,
			6.8800E-7,
			6.9200E-7,
			6.9600E-7,
			7.0000E-7,
			7.0400E-7,
			7.0800E-7,
			7.1200E-7,
			7.1600E-7,
			7.2000E-7,
			7.2400E-7,
			7.2800E-7,
			7.3200E-7,
			7.3600E-7,
			7.4000E-7,
			7.4400E-7,
			7.4800E-7,
			7.5200E-7,
			7.5600E-7,
			7.6000E-7,
			7.6400E-7,
			7.6800E-7,
			7.7200E-7,
			7.7600E-7,
			7.8000E-7,
			7.8400E-7,
			7.8800E-7,
			7.9200E-7,
			7.9600E-7,
			8.0000E-7,
			8.0400E-7,
			8.0800E-7,
			8.1200E-7,
			8.1600E-7,
			8.2000E-7,
			8.2400E-7,
			8.2800E-7,
			8.3200E-7,
			8.3600E-7,
			8.4000E-7,
			8.4400E-7,
			8.4800E-7,
			8.5200E-7,
			8.5600E-7,
			8.6000E-7,
			8.6400E-7,
			8.6800E-7,
			8.7200E-7,
			8.7600E-7,
			8.8000E-7,
			8.8400E-7,
			8.8800E-7,
			8.9200E-7,
			8.9600E-7,
			9.0000E-7,
			9.0400E-7,
			9.0800E-7,
			9.1200E-7,
			9.1600E-7,
			9.2000E-7,
			9.2400E-7,
			9.2800E-7,
			9.3200E-7,
			9.3600E-7,
			9.4000E-7,
			9.4400E-7,
			9.4800E-7,
			9.5200E-7,
			9.5600E-7,
			9.6000E-7,
			9.6400E-7,
			9.6800E-7,
			9.7200E-7,
			9.7600E-7,
			9.8000E-7,
			9.8400E-7,
			9.8800E-7,
			9.9200E-7,
			9.9600E-7,
			1.0000E-6,
			1.0040E-6,
			1.0080E-6,
			1.0120E-6,
			1.0160E-6,
			1.0200E-6,
			1.0240E-6,
			1.0280E-6,
			1.0320E-6,
			1.0360E-6,
			1.0400E-6,
			1.0440E-6,
			1.0480E-6,
			1.0520E-6,
			1.0560E-6,
			1.0600E-6,
			1.0640E-6,
			1.0680E-6,
			1.0720E-6,
			1.0760E-6,
			1.0800E-6,
			1.0840E-6,
			1.0880E-6,
			1.0920E-6,
			1.0960E-6,
			1.1000E-6,
			1.1040E-6,
			1.1080E-6,
			1.1120E-6,
			1.1160E-6,
			1.1200E-6,
			1.1240E-6,
			1.1280E-6,
			1.1320E-6,
			1.1360E-6,
			1.1400E-6,
			1.1440E-6,
			1.1480E-6,
			1.1520E-6,
			1.1560E-6,
			1.1600E-6,
			1.1640E-6,
			1.1680E-6,
			1.1720E-6,
			1.1760E-6,
			1.1800E-6,
			1.1840E-6,
			1.1880E-6,
			1.1920E-6,
			1.1960E-6,
			1.2000E-6,
			1.2040E-6,
			1.2080E-6,
			1.2120E-6,
			1.2160E-6,
			1.2200E-6,
			1.2240E-6,
			1.2280E-6,
			1.2320E-6,
			1.2360E-6,
			1.2400E-6,
			1.2440E-6,
			1.2480E-6,
			1.2520E-6,
			1.2560E-6,
			1.2600E-6,
			1.2640E-6,
			1.2680E-6,
			1.2720E-6,
			1.2760E-6,
			1.2800E-6,
			1.2840E-6,
			1.2880E-6,
			1.2920E-6,
			1.2960E-6,
			1.3000E-6,
			1.3040E-6,
			1.3080E-6,
			1.3120E-6,
			1.3160E-6,
			1.3200E-6,
			1.3240E-6,
			1.3280E-6,
			1.3320E-6,
			1.3360E-6,
			1.3400E-6,
			1.3440E-6,
			1.3480E-6,
			1.3520E-6,
			1.3560E-6,
			1.3600E-6,
			1.3640E-6,
			1.3680E-6,
			1.3720E-6,
			1.3760E-6,
			1.3800E-6,
			1.3840E-6,
			1.3880E-6,
			1.3920E-6,
			1.3960E-6,
			1.4000E-6,
			1.4040E-6,
			1.4080E-6,
			1.4120E-6,
			1.4160E-6,
			1.4200E-6,
			1.4240E-6,
			1.4280E-6,
			1.4320E-6,
			1.4360E-6,
			1.4400E-6,
			1.4440E-6,
			1.4480E-6,
			1.4520E-6,
			1.4560E-6,
			1.4600E-6,
			1.4640E-6,
			1.4680E-6,
			1.4720E-6,
			1.4760E-6,
			1.4800E-6,
			1.4840E-6,
			1.4880E-6,
			1.4920E-6,
			1.4960E-6,
			1.5000E-6,
			1.5040E-6,
			1.5080E-6,
			1.5120E-6,
			1.5160E-6,
			1.5200E-6,
			1.5240E-6,
			1.5280E-6,
			1.5320E-6,
			1.5360E-6,
			1.5400E-6,
			1.5440E-6,
			1.5480E-6,
			1.5520E-6,
			1.5560E-6,
			1.5600E-6,
			1.5640E-6,
			1.5680E-6,
			1.5720E-6,
			1.5760E-6,
			1.5800E-6,
			1.5840E-6,
			1.5880E-6,
			1.5920E-6,
			1.5960E-6,
			1.6000E-6,
			1.6040E-6,
			1.6080E-6,
			1.6120E-6,
			1.6160E-6,
			1.6200E-6,
			1.6240E-6,
			1.6280E-6,
			1.6320E-6,
			1.6360E-6,
			1.6400E-6,
			1.6440E-6,
			1.6480E-6,
			1.6520E-6,
			1.6560E-6,
			1.6600E-6,
			1.6640E-6,
			1.6680E-6,
			1.6720E-6,
			1.6760E-6,
			1.6800E-6,
			1.6840E-6,
			1.6880E-6,
			1.6920E-6,
			1.6960E-6,
			1.7000E-6,
			1.7040E-6,
			1.7080E-6,
			1.7120E-6,
			1.7160E-6,
			1.7200E-6,
			1.7240E-6,
			1.7280E-6,
			1.7320E-6,
			1.7360E-6,
			1.7400E-6,
			1.7440E-6,
			1.7480E-6,
			1.7520E-6,
			1.7560E-6,
			1.7600E-6,
			1.7640E-6,
			1.7680E-6,
			1.7720E-6,
			1.7760E-6,
			1.7800E-6,
			1.7840E-6,
			1.7880E-6,
			1.7920E-6,
			1.7960E-6
		],